"Reference","Qty","Value","DNP","Exclude from BOM","Exclude from Board","Footprint","Datasheet"
"BT1","1","MainBatt","","","","Connector_AMASS:AMASS_XT30U-M_1x02_P5.0mm_Vertical","~"
"BZ1","1","Buzzer","","","","Buzzer_Beeper:Buzzer_12x9.5RM7.6","~"
"C1,C2,C4,C5,C7,C8,C9,C10,C11,C12,C13,C14,C15,C16,C18,C24,C25,C27,C28,C29,C30,C33,C35,C36,C37,C39","26","100n","","","","Capacitor_SMD:C_1206_3216Metric_Pad1.33x1.80mm_HandSolder","~"
"C3,C6","2","2.2u","","","","Capacitor_SMD:C_1206_3216Metric_Pad1.33x1.80mm_HandSolder","~"
"C17","1","4.7u","","","","Capacitor_SMD:C_1206_3216Metric_Pad1.33x1.80mm_HandSolder","~"
"C19,C20,C21,C22,C23","5","22uF","","","","Capacitor_SMD:C_1206_3216Metric_Pad1.33x1.80mm_HandSolder","~"
"C26,C31,C38,C40","4","10u","","","","Capacitor_SMD:C_1206_3216Metric_Pad1.33x1.80mm_HandSolder","~"
"C32","1","120n","","","","Capacitor_SMD:C_1206_3216Metric_Pad1.33x1.80mm_HandSolder","~"
"C34","1","4.7uF","","","","Capacitor_SMD:C_1206_3216Metric_Pad1.33x1.80mm_HandSolder","~"
"D1,D2,D3,D4,D5,D6,D7","7","LED","","","","LED_SMD:LED_0805_2012Metric_Pad1.15x1.40mm_HandSolder","~"
"IC1","1","E22-900M22S","","","","E22-900M22S:E22-900M22S",""
"INA_Rs1","1","1m","","","","Resistor_SMD:R_2512_6332Metric_Pad1.40x3.35mm_HandSolder","~"
"J1","1","ST-Link","","Excluído do BOM","","Connector_PinHeader_2.54mm:PinHeader_1x06_P2.54mm_Vertical","~"
"J2","1","Debug","","","","Connector_PinHeader_2.54mm:PinHeader_1x03_P2.54mm_Vertical","~"
"J3","1","Servo2","","","","Connector_PinHeader_2.54mm:PinHeader_1x03_P2.54mm_Vertical","~"
"J4,J5,J6,J7","4","Servo1","","","","Connector_PinHeader_2.54mm:PinHeader_1x03_P2.54mm_Vertical","~"
"J8","1","Conn_Coaxial","","","","Connector_Coaxial:U.FL_Molex_MCRF_73412-0110_Vertical","~"
"J9","1","DM3AT-SF-PEJM5","","","","SD:DM3ATSFPEJM5","https://datasheet.lcsc.com/szlcsc/Hirose-HRS-DM3AT-SF-PEJM5_C114218.pdf"
"J10","1","Conn_Coaxial","","","","Connector_Coaxial:SMA_Amphenol_132134-10_Vertical","~"
"J11","1","Conn_01x13_Pin","","","","Connector_PinHeader_2.54mm:PinHeader_1x13_P2.54mm_Vertical","~"
"J12","1","ESC","","","","Connector_PinHeader_2.54mm:PinHeader_1x02_P2.54mm_Vertical","~"
"L1","1","27nH","","","","Inductor_SMD:L_0603_1608Metric_Pad1.05x0.95mm_HandSolder","~"
"Q1","1","SQ2310ES","","","","Package_TO_SOT_SMD:SOT-23","https://www.infineon.com/dgdl/Infineon-BSB012NE2LXI-DS-v02_01-EN.pdf?fileId=db3a30433f764301013f805e3eb247c1"
"Q2,Q3","2","TSM260P02","","","","Package_TO_SOT_SMD:SOT-23","http://www.aosmd.com/pdfs/datasheet/AO3401A.pdf"
"R1,R2,R3,R4,R5,R6","6","150R","","","","Resistor_SMD:R_0805_2012Metric_Pad1.20x1.40mm_HandSolder","~"
"R7,R8,R9,R13,R19,R26","6","10k","","","","Resistor_SMD:R_0805_2012Metric_Pad1.20x1.40mm_HandSolder","~"
"R10,R14","2","15k","","","","Resistor_SMD:R_0805_2012Metric_Pad1.20x1.40mm_HandSolder","~"
"R11","1","75k","","","","Resistor_SMD:R_0805_2012Metric_Pad1.20x1.40mm_HandSolder","~"
"R12","1","10R","","","","Resistor_SMD:R_0805_2012Metric_Pad1.20x1.40mm_HandSolder","~"
"R15,R16,R17,R18,R20,R21","6","47k","","","","Resistor_SMD:R_0805_2012Metric_Pad1.20x1.40mm_HandSolder","~"
"R22","1","100k","","","","Resistor_SMD:R_0805_2012Metric_Pad1.20x1.40mm_HandSolder","~"
"R23","1","1k","","","","Resistor_SMD:R_0805_2012Metric_Pad1.20x1.40mm_HandSolder","~"
"R24,R25","2","3.3k","","","","Resistor_SMD:R_0805_2012Metric_Pad1.20x1.40mm_HandSolder","~"
"SW1","1","SW_Push","","","","Button_Switch_THT:SW_PUSH_6mm","~"
"TP1,TP2,TP3","3","TestPoint","","","","TestPoint:TestPoint_Plated_Hole_D2.0mm","~"
"U1","1","STM32H743ZITx","","","","Package_QFP:LQFP-144_20x20mm_P0.5mm","https://www.st.com/resource/en/datasheet/stm32h743zi.pdf"
"U2","1","ASM330LHH","","","","LGA-14L_2P5X3X0P83_STM","https://www.st.com/resource/en/datasheet/asm330lhh.pdf"
"U3","1","NEO-M9N","","","","RF_GPS:ublox_NEO","https://www.u-blox.com/sites/default/files/NEO-M9N-00B_DataSheet_UBX-19014285.pdf"
"U4","1","MMC5983MA","","","","MMC5983MA_MEM","MMC5983MA"
"U5","1","BNO055","","","","Package_LGA:LGA-28_5.2x3.8mm_P0.5mm","https://www.bosch-sensortec.com/media/boschsensortec/downloads/datasheets/bst-bno055-ds000.pdf"
"U6","1","MS5607-02BA","","","","Package_LGA:LGA-8_3x5mm_P1.25mm","https://www.te.com/commerce/DocumentDelivery/DDEController?Action=showdoc&DocId=Data+Sheet%7FMS5607-02BA03%7FB2%7Fpdf%7FEnglish%7FENG_DS_MS5607-02BA03_B2.pdf%7FCAT-BLPS0035"
"U7","1","LD1117S50TR_SOT223","","","","Package_TO_SOT_SMD:SOT-223-3_TabPin2","http://www.st.com/st-web-ui/static/active/en/resource/technical/document/datasheet/CD00000544.pdf"
"U8","1","INA219BxDCN","","","","Package_TO_SOT_SMD:SOT-23-8","http://www.ti.com/lit/ds/symlink/ina219.pdf"
"U9","1","LD1117S33TR_SOT223","","","","Package_TO_SOT_SMD:SOT-223-3_TabPin2","http://www.st.com/st-web-ui/static/active/en/resource/technical/document/datasheet/CD00000544.pdf"
